brand_name,car_name,car_year,official_price,sh_price
比亚迪,1.5T 双冠旗舰Plus版,2015,21.98万,2.65万
比亚迪,秦EV300 尊享型,2017,24.59万,3.68万
吉利汽车,2.0L 自动尊贵型,2014,11.99万,1.58万
特斯拉,Performance高性能全轮驱动版,2019,50.99万,15.99万
路虎,2.0T 倾橙限量版,2015,64.80万,7.98万
标致,1.6THP 罗兰·加洛斯版,2013,21.67万,2.65万
英菲尼迪,2.0T 进取版,2016,31.98万,8.10万
别克,三厢 20T CVT领先型,2020,16.29万,6.81万
现代,改款 2.4L 自动四驱智能型,2013,26.18万,4.50万
路虎,2.0T 5门耀真版,2013,52.80万,7.18万
雷克萨斯,300e 纯·悦,2020,36.20万,11.11万
雪佛兰,320 自动悦享天窗版,2022,11.49万,4.98万
宝马,118i 运动型,2018,22.58万,6.98万
荣威,PLUS 1.6L CVT 4G互联荣耀全息版,2020,11.28万,4.41万
江汽集团,1.5T CVT超越型,2019,10.58万,4.15万
别克,20T 豪华型 国V,2019,19.68万,6.98万
雷克萨斯,300e 纯·悦,2020,36.20万,11.28万
雪佛兰,1.6T 自动豪华版,2016,18.99万,3.58万
奇瑞,冠军版 1.5L CVT尊享版,2021,12.98万,4.58万
领克,1.5T 劲Lite 国VI,2019,22.98万,8.18万
奥迪,Limousine 35 TFSI 进取型 国VI,2020,19.52万,9.38万
别克,典范 1.5L 自动精英型,2021,12.59万,5.01万
宝马,218i 运动设计套装,2016,26.78万,7.30万
别克,1.6T 领先技术型,2015,18.99万,5.21万
雪佛兰,530T 自动豪华版,2018,17.99万,6.41万
魏牌,2.0T 两驱智护+,2020,15.50万,6.78万
福特,EcoBoost 145 CVT铂领型 国VI,2019,13.28万,6.38万
别克,552T 智享型,2022,19.68万,10.28万
起亚,1.6T 自动两驱DLX,2016,17.68万,5.58万
雪佛兰,Redline 550T 自动锐联版,2019,20.49万,8.98万
路虎,240PS SE版 国V,2019,39.48万,14.02万
别克,20T 两驱精英型,2020,19.99万,9.58万
广汽传祺,320T 四驱豪华智联版 7座,2017,19.98万,7.98万
哈弗,红标 1.5T 手动两驱精英型,2016,10.38万,2.88万
吉利汽车,1.8TD DCT两驱智联型4G互联版,2020,11.98万,5.78万
别克,20T 两驱豪华型,2018,23.99万,8.58万
奔驰,C 200 L 运动型,2016,35.38万,11.29万
奔驰,C 260 L 运动版,2020,34.68万,15.39万
雷克萨斯,260h 探·酷版 国VI,2020,28.30万,14.88万
启辰,260T 48V轻混增压 星曜版,2020,14.96万,7.28万
别克,3.0L GT豪华商务豪雅版,2014,36.99万,8.80万
日产,经典 1.6 XE CVT舒适版,2022,10.86万,6.18万
宝马,218i 领先型,2016,24.78万,5.88万
奔驰,GLK 300 4MATIC 时尚型 极致版,2015,48.50万,11.58万
哈弗,红标 1.5T 自动豪华型,2018,13.50万,4.90万
宝马,改款 530Li xDrive M运动套装,2018,49.69万,17.98万
奥迪,40 TFSI 时尚型 国VI,2019,33.58万,14.90万
宝马,改款 118i 运动型,2018,22.58万,8.18万
奥迪,40 TFSI 时尚型,2017,33.98万,12.28万
吉利汽车,1.3T 手动精英型,2017,8.78万,2.48万
驭胜,2.0T 自动四驱汽油超豪华版7座,2016,16.14万,5.90万
宝马,320Li 进取型,2016,32.58万,9.18万
保时捷,Panamera Edition 3.0T,2016,120.10万,33.90万
马自达,2.5L 蓝天尊崇版 国VI,2018,21.68万,7.88万
广汽传祺,320T 两驱豪华智联版 7座,2017,18.28万,6.65万
捷豹,2.0T P300 四驱旗舰运动版,2021,49.98万,24.60万
红旗,30TD 型动版,2018,14.68万,5.98万
日产,2.0L CVT舒适版 2WD,2014,19.68万,5.58万
奥迪,Sportback 35 TFSI 时尚型 国V,2019,21.28万,8.68万
福特,EcoBoost 180 时尚型,2020,19.28万,8.68万
奔驰,GL 400 4MATIC动感型,2014,109.80万,26.77万
丰田,改款 1.2T S-CVT GL-i 国V,2017,12.78万,4.68万
别克,三厢 15S 自动领先型,2018,15.49万,5.68万
东风风神,1.6T 自动AI先锋型 国VI,2020,11.99万,4.88万
奔驰,C 180 L 运动型,2015,32.58万,9.39万
领克,2.0T 四驱劲Pro版 国VI,2019,19.88万,8.98万
大众,200TSI DSG舒适型 国VI,2019,14.72万,6.66万
别克,改款 1.3T 自动轻混动精英型,2021,12.59万,5.68万
宝马,320Li 时尚型,2018,32.38万,11.98万
宝马,320Li 领先型M运动套装,2018,34.98万,12.98万
别克,改款 典范 1.5L 自动精英型,2021,12.59万,6.21万
丰田,185T 豪华版 国VI,2019,12.98万,5.87万
哈弗,2.0GDIT 自动铂金冠军版,2020,12.90万,5.85万
吉利汽车,1.5TD 耀享型,2019,16.98万,7.68万
比亚迪,DM 四驱性能版尊贵型,2020,24.28万,12.98万
沃尔沃,S60L 改款 T5 智进进阶版,2019,24.98万,12.38万
大众,2.0TSI GTI,2011,23.58万,5.90万
特斯拉,长续航后驱版,2019,42.10万,13.99万
大众,280TSI 两驱豪华版 国V,2019,18.88万,9.38万
雪佛兰,Redline 550T 自动锐动版,2019,19.49万,7.28万
哈弗,2.0T 悦享型 国V,2019,15.20万,5.68万
奥迪,30周年年型 30 TFSI 时尚型,2018,26.56万,9.88万
凯迪拉克,28T 技术型,2018,27.38万,9.08万
凯迪拉克,改款 28T 豪华型,2020,34.97万,15.96万
大众,280TSI DSG熠动版,2018,16.38万,6.78万
大众,280TSI DSG两驱进取型 国VI,2019,16.08万,7.98万
保时捷,Macan 2.0T,2017,55.00万,22.80万
奥迪,40 TFSI 豪华致雅型,2022,34.38万,19.90万
三菱,2.0L CVT两驱卓越版,2016,14.18万,4.70万
名爵,20T 自动豪华智联版,2017,11.78万,4.88万
日产,1.6L CVT智能型,2014,12.53万,4.16万
名爵,1.5T 自动Trophy豪华版,2020,12.38万,5.68万
奥迪,40 TFSI 荣享时尚型,2020,41.58万,20.73万
宝马,120i M运动曜熠版,2023,23.29万,12.58万
魏牌,2.0T 超豪型,2017,15.00万,5.00万
日产,2.0L XL舒适版,2016,18.58万,6.98万
起亚,2.0L 自动LUX,2016,17.58万,5.88万
宝马,xDrive30i 领先型 M运动套装,2021,47.98万,27.88万
红旗,2.0T 智联旗享四驱版,2019,21.38万,9.80万
宾利,4.0T V8 标准版,2014,319.80万,93.80万
宝马,520Li 典雅型,2014,43.56万,10.98万
凯迪拉克,25T 豪华型,2018,38.99万,12.98万
标致,1.6L 自动时尚版,2014,12.17万,3.06万
宝马,xDrive35i M运动型,2018,84.99万,31.88万
魏牌,升级款 2.0T 豪华型 国V,2019,16.98万,6.38万
现代,1.4T 双离合炫动·活力型,2018,12.48万,4.68万
福特,EcoBoost 245 豪华型,2017,26.98万,8.98万
荣威,ePLUS 国潮荣麟豪华版,2020,15.58万,7.15万
宝马,sDrive20Li 尊享型,2020,29.68万,13.55万
福特,EcoBoost 180 时尚型,2020,19.28万,8.88万
沃尔沃,T4 智逸版,2018,36.98万,13.98万
凯迪拉克,28E 四驱技术型,2018,37.99万,15.98万
丰田,185T CVT豪华版,2021,12.98万,5.98万
奔驰,C 180 L 时尚型运动版,2018,32.38万,13.58万
大众,280TSI DSG舒适型 国VI,2019,16.19万,7.45万
丰田,2.0L CVT四驱新锐版,2013,22.98万,5.86万
别克,28T 四驱精英型,2018,26.99万,10.18万
大众,280TSI DSG两驱舒适智联30周年纪念版,2021,16.93万,9.18万
丰田,2.0L CVT两驱先锋版 国VI,2019,18.68万,8.60万
沃尔沃,B3 智行时尚版,2023,26.98万,13.58万
东风风光,1.5T CVT豪华型,2020,10.10万,4.68万
哈弗,1.5T i范版,2018,12.80万,4.88万
大众,1.5L 自动舒适型,2020,13.50万,6.27万
奥迪,45 TFSI 尊享豪华运动型 国V,2018,49.80万,16.98万
奥迪,45 TFSI quattro 运动型,2017,53.05万,15.90万
别克,典范 1.5L 自动精英型,2021,12.59万,5.31万
丰田,改款 1.2T S-CVT GL-i 国V,2017,12.78万,4.88万
沃尔沃,B4 智逸豪华版,2022,30.69万,17.98万
大众,230TSI DSG风尚版,2017,15.99万,5.41万
大众,230TSI 自动舒适型,2015,16.08万,5.48万
凯迪拉克,改款 28T 豪华型,2020,34.97万,16.18万
哈弗,1.5T 两驱i炫,2021,12.68万,5.88万
大众,200TSI DSG智行版,2023,13.19万,7.78万
丰田,2.0L CVT四驱新锐版,2013,22.98万,5.98万
凯迪拉克,25T 豪华型,2018,38.99万,14.98万
红旗,3.0T 自动四驱智联旗畅版,2019,41.58万,14.28万
福特,经典版 三厢 1.6L 自动舒适型智行版,2018,12.68万,4.86万
宝马,sDrive25Li 领先型,2020,30.98万,15.68万
领克,2.0TD 两驱耀Halo,2020,19.98万,10.98万
比亚迪,DM 2.0T 全时四驱智联创享型 7座 国V,2018,25.99万,9.99万
宝马,320Li M运动型,2017,35.39万,10.80万
Jeep,3.0L 专业导航版,2020,52.99万,22.70万
大众,380TSI 自动四驱智动豪华版 国V,2019,28.28万,10.90万
奥迪,40 TFSI 舒适型,2018,69.98万,26.98万
凯迪拉克,28T 技术型,2018,29.99万,10.38万
宝马,120i M运动曜夜版,2021,22.68万,11.58万
荣威,300TGI 自动4G互联豪华版,2019,13.88万,6.49万
Jeep,3.0L 舒享导航版,2017,52.99万,13.97万
奥迪,45 TFSI quattro 运动型,2016,52.49万,15.99万
别克,20T 两驱精英型,2020,19.99万,9.38万
凯迪拉克,28T 精英型,2021,39.97万,20.38万
吉利汽车,2.0T 尊贵型,2021,13.87万,7.68万
奔驰,GLE 400 4MATIC,2016,93.20万,24.70万
吉利汽车,1.8TD 自动两驱智雅型,2018,11.78万,4.58万
路虎,3.0 V6 SC Vogue SE 创世加长版,2017,179.80万,69.80万
欧拉,400km标准续航 雅典娜版 磷酸铁锂电池,2021,12.39万,7.38万
荣威,1.6L CVT旗舰版,2018,11.18万,3.88万
沃尔沃,T5 四驱智逸版 国VI,2019,39.19万,15.20万
现代,280TGDi 智享版 国VI,2019,14.38万,6.18万
奔驰,GLA 200 动感型,2017,27.18万,10.58万
别克,三厢 20T 双离合精英型,2019,17.19万,5.98万
奥迪,Limousine 35 TFSI 时尚型 国VI,2020,21.97万,10.38万
标致,360THP 十周年质臻版,2020,13.97万,6.58万
奔驰,改款 A 200 L 运动轿车动感型,2020,24.98万,12.88万
宝马,改款 sDrive25Li 领先型,2021,30.98万,15.98万
奔驰,GLA 200 动感型,2016,26.98万,9.48万
雷克萨斯,270 精英版,2013,46.90万,10.58万
广汽传祺,390T 两驱豪华智联版 7座,2019,18.58万,9.58万
英菲尼迪,2.0T 悦享版,2016,30.98万,8.28万
别克,昂科威S 652T 四驱豪华型,2020,24.99万,11.88万
奥迪,35 TFSI 进取型,2022,28.93万,14.90万
荣威,ePLUS 国潮荣麟豪华版,2020,15.58万,7.38万
丰田,改款 2.5G 豪华版,2019,21.98万,10.46万
路虎,249PS R-DYNAMIC S 运动版,2020,37.58万,17.88万
奔驰,C 200 L 运动版,2018,35.08万,15.28万
大众,纯净版,2022,21.03万,11.76万
别克,20T 精英型 国VI,2019,18.28万,8.73万
吉利汽车,1.4T CVT亚运版,2021,9.78万,5.88万
日产,1.6L CVT炫酷版 国V,2019,12.39万,5.41万
大众,330TSI 自动两驱R-Line旗舰版 国V,2020,26.98万,13.98万
奔驰,GLC 260 4MATIC 豪华型,2016,44.30万,13.98万
比亚迪,1.0L 悦酷型,2012,4.09万,0.95万
红旗,2.0T 智联旗领四驱版,2019,24.98万,10.96万
福特,EcoBoost 180 时尚型,2018,19.28万,6.88万
东风风行,1.5TD DCT钻石版,2021,11.49万,6.45万
日产,2.0T XL Upper AD1 智享领航版,2021,22.98万,11.96万
奥迪,40 TFSI 荣享进取型 国V,2018,38.28万,18.38万
奔驰,GLC 260 4MATIC 豪华型,2017,44.50万,14.19万
保时捷,Panamera 3.0T,2014,114.50万,31.60万
宝马,改款 530Li 尊享型 豪华套装,2018,51.99万,20.80万
日产,1.6L CVT智能型,2014,12.53万,3.98万
Jeep,200T 自动家享版,2017,17.98万,4.98万
大众,280TSI 自动两驱丝绸之路风尚版,2016,19.48万,6.98万
丰田,改款 185T CVT精英版 国V,2017,12.48万,4.98万
奥迪,35TFSI 进取动感型,2020,21.88万,10.58万
别克,15N 自动精英型,2016,12.69万,3.49万
奔驰,GLB 200 动感型,2021,31.88万,18.03万
奔驰,改款 CLA 200 时尚型,2017,28.90万,11.58万
凯迪拉克,28T 时尚型,2017,29.38万,8.08万
别克,两厢 15S 自动进取型,2016,14.59万,4.62万
凯迪拉克,改款 28T 豪华型,2020,34.97万,18.28万
奔驰,GLA 200 时尚型,2018,28.88万,11.65万
大众,3.0TSI 锐锋版  国V,2019,70.98万,28.50万
丰田,改款 TNGA 1.5L 进取版,2022,11.38万,5.98万
大众,230TSI 自动舒适型,2017,16.08万,6.48万
宝马,320i M运动套装,2018,31.68万,12.76万
凯迪拉克,28T 时尚型,2017,29.38万,10.66万
东风风光,1.5T CVT豪华型,2017,10.10万,3.65万
起亚,2.0L 自动15周年特别版LUX,2017,17.58万,6.38万
宝马,740Li 尊享型 豪华套装,2019,106.80万,51.80万
奔驰,改款 GLC 300 4MATIC 动感型,2018,48.98万,19.80万
奥迪,30周年年型 30 TFSI 时尚型,2018,26.56万,11.78万
大众,Plus 1.5L 自动全景乐享版,2021,11.09万,6.29万
大众,530 V6 四驱豪华版 国V,2020,42.79万,22.68万
奥迪,40 TFSI 时尚型,2017,33.98万,10.98万
现代,1.6L 自动智炫·精英型,2016,11.98万,4.36万
奥迪,30周年年型 40 TFSI 时尚型,2018,34.29万,13.93万
奔驰,GLA 220,2022,30.90万,16.36万
大众,230TSI DSG舒适版,2017,14.99万,5.45万
吉利汽车,1.8TD 自动智尊型,2016,14.88万,4.18万
雪佛兰,Redline 550T 自动锐联版,2020,20.49万,7.38万
路虎,2.0T SE 智耀版,2017,45.80万,12.68万
奔驰,C 260 时尚型 Grand Edition,2013,39.30万,5.98万
标致,1.2T 自动豪华版,2015,15.17万,2.98万
吉利汽车,改款 1.4T CVT尊贵智享型,2019,11.08万,4.00万
中华,1.5L 自动智能型,2017,7.37万,2.98万
奔驰,GLK 300 4MATIC 动感天窗型,2013,43.80万,6.98万
标致,1.8L 自动豪华版,2014,14.97万,2.98万
宝马,220i 敞篷轿跑车 M运动型,2017,42.90万,13.88万
标致,1.2T 自动豪华版,2015,15.17万,3.65万
蔚来,465KM 运动版,2020,37.80万,16.95万
捷豹,XFL 2.0T 250PS 豪华版,2018,45.48万,12.98万
别克,改款 典范 1.5L 自动精英型,2021,12.59万,5.66万
路虎,240PS PURE版 国VI,2019,36.58万,13.43万
别克,20T 两驱精英型,2018,22.99万,7.48万
凯迪拉克,28T 豪华型,2018,35.29万,10.18万
雷克萨斯,300e 纯·悦,2020,36.20万,11.89万
宝马,sDrive20Li 时尚型,2020,27.88万,11.46万
日产,2.0T XV 智尊版,2019,26.58万,10.98万
比亚迪,节能版 1.5L 手动舒适型,2012,4.39万,1.28万
本田,220TURBO CVT尊贵版,2016,15.59万,6.98万
奔驰,改款 A 200 L 运动轿车动感型,2020,24.98万,14.26万
大众,380TSI 四驱舒适版 国VI,2020,31.99万,15.60万
捷豹,2.0T 200PS S进取优雅版,2020,31.98万,12.98万
宝马,730Li 尊享型 M运动套装,2018,89.80万,28.99万
奔驰,改款 C 260 L 运动版,2020,34.68万,16.89万
吉利汽车,1.8TD 自动两驱智联型4G互联版,2018,12.98万,4.72万
大众,1.6L 自动舒适型,2018,14.78万,5.98万
大众,1.5L 自动风尚版,2022,12.59万,7.20万
福特, EcoBoost 245 四驱嘉享款,2019,20.48万,9.98万
日产,2.0L CVT精英版 国V,2017,15.38万,6.88万
宝马,sDrive25i 领先型M运动套装,2021,28.98万,14.15万
奥迪,40 TFSI 技术型,2017,42.76万,10.38万
奔驰,GLK 260 4MATIC 动感型,2014,39.80万,9.68万
Jeep,220T 领先版,2020,16.28万,7.98万
沃尔沃,T6 智逸版 7座 国Ⅴ,2019,68.79万,28.03万
奔驰,GLA 200,2022,30.38万,16.17万
奥迪,30周年年型 30 TFSI 时尚型,2018,26.56万,10.88万
宝马,320Li 超悦版时尚型,2015,34.98万,8.50万
别克,552T 精英型,2021,18.88万,9.29万
红旗,2.0T 智联旗享版,2019,19.98万,9.80万
广汽传祺,235T 手动舒适版,2019,7.68万,3.78万
奔驰,R 320 4MATIC 商务型臻藏版,2017,54.88万,15.80万
欧拉,400km标准续航 维纳斯版 磷酸铁锂电池,2021,11.39万,7.03万
领克,2.0TD 两驱耀Halo,2020,19.98万,9.88万
大众,2.0TSI 两驱商务版,2012,44.28万,10.85万
宝马,X5 M,2010,201.80万,16.18万
日产,1.6L CVT舒适型,2014,11.53万,3.78万
大众,330TSI 自动两驱豪华版,2018,25.98万,10.66万
本田,240TURBO 两驱尊享版,2017,26.38万,10.88万
丰田,2.0L CVT两驱风尚版,2015,19.98万,7.38万
大众,180TSI DSG臻享版,2018,15.08万,6.18万
凯迪拉克,28T 尊贵型,2021,25.97万,12.88万
奔驰,GLC 260 4MATIC 豪华型,2017,44.50万,14.69万
马自达,2.0L 自动两驱蓝天活力版 国VI,2018,15.28万,7.58万
大众,280TSI DSG豪华版 国VI,2019,15.89万,7.88万
奥迪,TFSI 百万纪念智领型,2015,39.82万,11.50万
奥迪,Limousine 35 TFSI 时尚型 国V,2019,21.88万,9.08万
宝马,630i 豪华设计套装,2018,64.99万,26.98万
本田,2.4L 两驱豪华版,2015,22.98万,7.60万
福特,EcoBoost 180 时尚型,2020,19.28万,9.58万
宝马,xDrive25i 豪华套装,2020,38.98万,20.98万
宝马,sDrive18Li 时尚型,2019,27.68万,10.28万
凯迪拉克,28T 两驱领先型,2021,28.97万,14.38万
现代,1.8L 自动智能型GLS 国V,2017,14.98万,6.21万
路虎,240PS PURE版,2018,37.48万,13.98万
大众,280TSI 两驱舒适版 国VI,2020,18.28万,9.81万
沃尔沃,T5 四驱智逸豪华版,2021,39.09万,19.38万
奥迪,30周年年型 35 TFSI 运动型,2018,30.87万,11.49万
哈弗,1.5T 智享版DHT,2022,16.58万,9.58万
雪佛兰,Redline 550T 自动锐动版,2022,19.59万,8.98万
宝马,425i Gran Coupe 领先型M运动套装,2017,35.98万,14.98万
吉利汽车,1.5L 自动幸福版,2018,6.89万,2.88万
斯柯达,TSI330 DSG豪华版 国V,2018,20.98万,8.76万
路虎,249PS R-Dynamic S 性能版 5座,2020,38.28万,17.58万
日产,1.6L CVT智行版,2020,12.39万,5.68万
奥迪,40 TFSI 荣享时尚型,2020,41.58万,19.00万
比亚迪,1.5T 自动旗舰型,2020,13.28万,7.18万
荣威,20T 自动4G互联百万款,2020,11.98万,5.98万
奥迪,30周年年型 40 TFSI 时尚型,2018,34.29万,12.88万
沃尔沃,T5 四驱智逸豪华版,2021,39.09万,16.30万
日产,2.0L XL Upper AD1 智行领航版,2021,19.98万,9.98万
日产,1.5L CVT酷享版,2020,11.98万,5.98万
领克,2.0T 两驱耀Pro版 国V,2019,17.98万,8.98万
大众,1.5L 自动舒适型,2020,13.50万,6.72万
雷克萨斯,300 前驱 锋行版 国V,2018,33.50万,15.38万
奥迪,Limousine 35 TFSI 时尚型 国VI,2020,21.97万,10.99万
领克,2.0T 两驱耀Pro版 国VI,2019,17.98万,8.98万
沃尔沃,长续航版,2024,29.20万,17.07万
凯迪拉克,28T 尊贵型,2022,45.97万,24.98万
宝马,xDrive28i M运动套装,2021,42.58万,21.38万
宝马,225i 四门轿跑车 M运动套装,2021,26.98万,14.68万
宝马,320Li M 运动套装,2019,33.98万,12.88万
起亚,1.6L 自动15周年特别版GLS,2017,11.88万,4.99万
广汽传祺,GS8S 390T 两驱豪华智联版,2020,17.58万,9.56万
领克,1.5TD DCT型Pro版,2018,14.58万,7.31万
现代,1.6T 双离合两驱15周年特别版,2018,17.99万,6.78万
吉利汽车,1.8TD 自动两驱智雅型,2018,11.78万,4.98万
大众,200TSI DSG智行PRO版,2023,13.59万,7.98万
奔驰,GLB 200 时尚型,2021,32.88万,17.98万
奥迪,A3L Limousine 35 TFSI 进取运动型,2021,20.96万,12.28万
雪佛兰,1.4T 自动两驱舒适型,2017,11.99万,4.58万
吉利汽车,1.8TD DCT智慧PRO,2020,12.68万,5.88万
奔腾,230 TID 自动豪华型 国VI,2019,11.08万,5.58万
捷豹,2.0T 200PS 豪华版,2019,31.18万,11.88万
奥迪,Sportback 35 TFSI 进取运动型,2022,20.31万,12.78万
日产,2.0L XL ITS CVT 2WD智联舒适版,2021,19.93万,10.88万
大众,改款 280TSI DSG精英型,2020,14.90万,7.58万
三菱,2.0L 两驱畅享版 5座 国VI,2019,17.28万,8.06万
奥迪,30周年年型 TFSI 进取型,2018,40.28万,17.10万
奔驰,AMG GLA 35 4MATIC,2021,43.98万,22.28万
起亚,1.6L 自动DLX,2015,13.18万,3.98万
宝马,320Li 时尚型,2019,31.68万,13.50万
特斯拉,标准续航后驱升级版,2019,29.18万,13.59万
特斯拉,后轮驱动版,2022,31.69万,18.68万
别克,昂科威S 652T 两驱豪华型,2022,23.29万,14.68万
马自达,2.5L 蓝天尊崇版 国VI,2018,21.68万,8.38万
比亚迪,自由版,2021,11.28万,6.68万
宝马,320Li 时尚型,2017,32.59万,9.88万
现代,1.4L 自动智能型GLS,2014,8.69万,3.35万
宝马,528Li 上市特别版,2018,44.99万,17.38万
奔驰,GLC 260 L 4MATIC 动感型,2019,41.98万,21.38万
本田,1.8L CVT豪华版,2016,13.48万,6.32万
雪佛兰,535T 自动锐动版,2022,17.59万,8.98万
福特,EcoBoost 245 运动版,2022,24.58万,14.58万
宝马,530Li 领先型 豪华套装,2018,47.89万,20.50万
日产,2.0L XL ITS CVT 2WD智联舒适版,2021,19.93万,10.18万
雪佛兰,535T 自动驰界版,2018,18.99万,8.11万
长安,1.5T 自动豪华型,2021,12.49万,6.38万
大众,3.0TSI 锐享版 曜黑运动套装,2021,71.88万,39.80万
别克,ES 28T 旗舰型 国V,2017,39.99万,17.20万
别克,2.4L CT豪华商务舒适版,2014,28.99万,7.70万
马自达,2.0L 自动雅悦型,2020,14.79万,7.58万
宝马,xDrive28i M运动套装,2020,42.58万,21.88万
大众,230TSI DSG风尚版 国VI,2019,15.59万,7.98万
哈弗,1.5GDIT 自动铂金都市版,2020,11.10万,5.68万
别克,652T 四驱尊享旗舰型 七座,2022,33.59万,19.98万
日产,2.0L CVT精英版 国V,2017,15.38万,5.98万
奔驰,GLA 200 动感型,2019,26.48万,12.48万
别克,652T 豪华型,2021,23.98万,13.28万
大众,1.5L 自动舒适版,2020,13.99万,7.16万
凯迪拉克,28T 领先运动型,2021,30.97万,15.99万
宝马,740Li 领先型 卓越套装,2018,102.80万,31.90万
凯迪拉克,28T 两驱领先型,2021,28.97万,14.96万
东风风行,1.5T CVT豪华型 7座,2019,10.79万,4.68万
宝马,320Li 领先型M运动套装,2018,34.98万,13.68万
领克,2.0TD 自动劲Plus,2021,15.48万,7.98万
宝马,sDrive25Li 领先型,2021,30.98万,15.98万
奔驰,C 260 L 运动版,2020,34.68万,17.90万
宝马,520Li 典雅型,2014,43.56万,11.68万
别克,552T 豪华型,2021,21.98万,12.26万
丰田,2.0L 豪华版,2022,14.98万,8.98万
丰田,1.5L CVT锋驰版,2021,8.58万,5.48万
大众,280TSI 两驱豪华版PLUS,2021,18.98万,10.58万
魏牌,1.5T 颜先锋,2021,12.98万,6.71万
别克,20T 两驱精英型,2020,19.99万,8.68万
奥迪,40 TFSI 时尚型,2017,33.98万,11.98万
福特,EcoBoost 180 自动劲潮型,2020,13.98万,6.68万
本田,220 TURBO CVT豪华版 国VI,2019,15.89万,8.88万
宝马,320i M运动型,2017,32.00万,9.99万
еҘҮз‘һ,йІІй№ҸзүҲ 390TGDI иҮӘеҠЁжү¶ж‘ҮзүҲ,2021,о•Ңоҗқ.оҗқо‘қоҗҠ,оҸ«.оҗ‘оҗ№оҗҠ
еӨ§дј—,330TSI еӣӣй©ұиұӘеҚҺзүҲ еӣҪVI,2019,о‘Јоҗ№.о“Јо“ЈоҗҠ,о‘қ.о‘қо“ЈоҗҠ
еҘ”й©°,A 180 L,2019,о‘Јо•Ң.о•Ңо“ЈоҗҠ,о•Ңоҗ№.о‘қо“ЈоҗҠ
ж–ҜжҹҜиҫҫ,TSI280 DSGиҲ’йҖӮзүҲ,2021,о•Ңо”ҙ.оҸ«о‘қоҗҠ,о‘қ.о’қо“ЈоҗҠ
дё°з”°,еҸҢж“Һ 2.5HG иұӘеҚҺеҜјиҲӘзүҲ,2015,о‘Јоҗ‘.о‘қо“ЈоҗҠ,о‘қ.о•Ңо“ЈоҗҠ
еҮҜиҝӘжӢүе…Ӣ,ж”№ж¬ҫ 28T еӣӣй©ұиұӘеҚҺеһӢ,2020,о’қо”ҙ.о‘қоҸ«оҗҠ,о•ҢоҸ«.о”ҙо“ЈоҗҠ
йӣӘдҪӣе…°,Redline 550T иҮӘеҠЁй”җеҠЁзүҲ,2019,о•Ңо‘қ.оҗқо‘қоҗҠ,оҸ«.о”ҙо“ЈоҗҠ
жң¬з”°,240TURBO CVTзҮғж“ҺзүҲ,2022,о•Ңо”ҙ.о’қо‘қоҗҠ,о‘қ.о“Јо“ЈоҗҠ
ж—Ҙдә§,4.0L йўҶиӢұеһӢ,2018,оҗ‘оҗ‘.о“Јоҗ№оҗҠ,о‘Јо”ҙ.о“Јоҗ№оҗҠ
зҰҸзү№,дёүеҺў EcoBoost 180 иҮӘеҠЁй”ӢжҪ®еһӢ,2020,о•Ңо’қ.о”ҙо“ЈоҗҠ,о”ҙ.оҗ‘о“ЈоҗҠ
еҘҘиҝӘ,35 TFSI ж—¶е°ҡеҠЁж„ҹеһӢ,2020,о‘Јо“Ј.о”ҙо“ЈоҗҠ,о•Ңоҗқ.о‘қо“ЈоҗҠ
еІҡеӣҫ,580km ж ҮеҮҶз»ӯиҲӘзүҲ,2023,о’қо‘Ј.о‘Јо‘қоҗҠ,о•Ңо“Ј.о‘Јоҗ№оҗҠ
еҘ”й©°,ж”№ж¬ҫ GLC 260 4MATIC еҠЁж„ҹеһӢ,2018,оҗқо‘Ј.о‘қо“ЈоҗҠ,о•Ңо“Ј.о‘қоҗ№оҗҠ
еӨ§дј—,1.6L иҮӘеҠЁиҲ’йҖӮзүҲ,2017,о•Ңо’қ.о’қо‘қоҗҠ,оҗ‘.о’қо’қоҗҠ
еҮҜиҝӘжӢүе…Ӣ,28T зІҫиӢұеһӢ,2018,о’қо•Ң.о‘қо‘қоҗҠ,о•Ңо‘Ј.о”ҙо“ЈоҗҠ
йӣ·е…ӢиҗЁж–Ҝ,300h еүҚй©ұ й”Ӣе°ҡзүҲ еӣҪV,2020,о’қо“Ј.оҗқоҗ№оҗҠ,о•Ңо”ҙ.о“Јо“ЈоҗҠ
жІғе°”жІғ,B5 жҷәйҖёиұӘеҚҺзүҲ,2021,оҗқоҗ№.о”ҙо‘қоҗҠ,о•ҢоҸ«.о“Јоҗ№оҗҠ
дё°з”°,185T CVTиұӘеҚҺзүҲ,2022,о•Ңо‘Ј.о‘қо“ЈоҗҠ,оҸ«.о“Јоҗ‘оҗҠ
дё°з”°,2.5L Touringе°ҠиҙөзүҲ еӣҪVI,2019,о‘Јоҗқ.оҗқо“ЈоҗҠ,о•Ңо•Ң.оҸ«о“ЈоҗҠ
жІғе°”жІғ,B5 жҷәйҖёиұӘеҚҺзүҲ,2023,оҗқоҗ№.о”ҙо‘қоҗҠ,о‘Јо‘Ј.о‘қо“ЈоҗҠ
宝马,xDrive28i M运动套装,2020,42.58万,20.50万
长安,1.5T 尊贵型,2020,12.39万,7.01万
奔驰,改款 CLA 220 4MATIC,2017,31.90万,12.80万
广汽传祺,270T 自动尊贵版 7座 国VI,2019,15.98万,8.38万
领克,2.0TD 两驱耀Halo,2020,19.98万,11.28万
丰田,185T 豪华版 国VI,2019,12.98万,6.28万
大众,280TSI DSG舒适版,2018,18.49万,7.41万
奥迪,40 TFSI 豪华型,2021,44.45万,26.98万
奔驰,GLC 260 4MATIC 豪华型,2016,44.30万,15.97万
奔驰,C 200 L 时尚型运动版,2021,31.98万,18.18万
丰田,2.0L 豪华版 国VI,2019,21.78万,13.28万
丰田,2.0L CVT两驱风尚版,2020,19.48万,10.28万
宝马,120i M运动曜夜版,2021,22.68万,10.98万
宝骏,1.5L 自动尊享型 国V,2019,7.78万,3.78万
奔驰,C 200 运动版,2016,31.48万,11.38万
大众,380TSI 夺目版,2021,26.79万,16.31万
大众,280TSI 两驱豪华版PLUS,2021,18.98万,10.76万
大众,挚爱版 280TSI DSG舒适型,2020,15.42万,8.13万
现代,1.8L 自动智能型GLS,2014,14.98万,4.78万
宝马,520Li 典雅型,2017,43.56万,13.98万
捷达,1.4T 自动荣耀版,2020,13.68万,7.78万
现代,1.4T 双离合炫动·活力型,2018,12.48万,5.55万
大众,Plus 1.5L 自动全景乐享版,2019,10.99万,5.78万
林肯,2.0T 两驱尊雅版,2022,27.98万,18.18万
奥迪,40 TFSI 荣享进取型,2020,38.78万,20.38万
奔驰,C 200 运动版,2018,31.28万,11.39万
长安,2.0T 卓越型,2021,15.39万,9.43万
大众,1.5L 自动舒适版,2021,13.99万,7.98万
领克,2.0TD 两驱耀Halo,2020,19.98万,11.38万
广汽传祺,235T 自动两驱精英百万纪念版,2018,12.68万,5.13万
沃尔沃,B4 智逸豪华版,2023,30.69万,14.98万
奥迪,40 TFSI 时尚动感型,2022,32.18万,17.00万
广汽传祺,235T 自动精英版,2019,9.38万,4.96万
凯迪拉克,28T 两驱领先型,2018,28.97万,12.98万
路虎,249PS R-DYNAMIC S 运动版,2020,37.58万,19.88万
大众,230TSI DSG风尚版 国V,2019,15.59万,6.98万
宝马,325Li M运动曜夜套装,2020,36.39万,19.38万
小鹏汽车,460c 悦享版,2021,14.98万,7.98万
奔驰,GLC 260 4MATIC 豪华型,2017,44.50万,19.98万
奥迪,A8L 45 TFSI quattro舒适型,2017,92.68万,27.18万
别克,1.6T 时尚技术型,2014,19.99万,4.19万
魏牌,2.0T 旗舰型,2017,18.88万,5.58万
宝马,318Li 时尚型,2017,30.99万,7.88万
猎豹汽车,2.0T 自动豪华型,2017,12.98万,3.30万
别克,1.4T 自动四驱全能旗舰型,2015,18.69万,3.98万
宝马,325i 豪华型,2011,44.50万,7.80万
英菲尼迪,2.0T 悦享版,2015,30.98万,6.68万
比亚迪,DM 2.0T 全时四驱智联创世型 7座 国V,2018,32.99万,9.88万
奥迪,50 TFSI quattro 舒适型,2016,81.80万,17.98万
捷豹,2.0T 200PS 豪华版,2018,31.98万,10.96万
林肯,2.0T 尊享版,2020,27.58万,10.58万
雪佛兰,530T 自动豪华版,2018,17.99万,4.68万
路虎,240PS HSE版,2018,46.48万,13.99万
沃尔沃,T3 智尚版,2018,21.59万,7.38万
奔驰,B 180,2012,27.80万,4.98万
奥迪,35 TFSI 时尚型,2017,59.80万,18.11万
奥迪,45 TFSI S line运动型,2016,90.98万,23.98万
奥迪,Plus 40 TFSI 技术型,2017,42.76万,12.98万
路虎,240PS 智越限量版,2018,48.18万,14.58万
丰田,双擎 2.5L CVT两驱精英版,2020,22.48万,11.98万
丰田,1.6L CVT GL-i,2014,12.78万,5.21万
大众,1.5L 自动风尚版,2021,9.89万,5.66万
大众,280TSI DSG舒适版,2021,14.69万,8.41万
宝马,320Li M运动套装,2020,31.89万,17.00万
长安,PLUS 蓝鲸NE 1.4T GDI DCT旗舰型,2021,10.39万,6.38万
马自达,2.0L 自动质雅版,2021,14.29万,8.78万
吉利汽车,1.4T CVT  F-运动版,2021,9.18万,4.88万
丰田,改款 2.5G 豪华版,2019,21.98万,12.58万
理想汽车,增程6座版,2021,34.98万,18.68万
奔驰,C 260 L 运动版,2020,34.68万,15.68万
本田,锐·混动 2.0L 两驱幻夜版,2020,25.28万,13.50万
宝马,525Li M运动套装,2018,43.69万,19.80万
大众,1.4L 手动风尚版,2015,8.49万,3.48万
沃尔沃,B6 智雅豪华版 7座,2022,78.19万,45.07万
奔驰,CLA 200 四门轿跑车,2022,29.98万,19.78万
日产,1.6L XL CVT悦享版,2020,12.99万,7.48万
奔驰,E 200 L 运动型 4MATIC,2017,45.98万,18.89万
雪佛兰,2.4L 两驱豪华版 7座,2017,18.99万,4.70万
大众,1.5L 自动风尚版,2021,9.89万,4.88万
沃尔沃,S60L 改款 T5 智进进阶版,2019,24.98万,10.28万
丰田,2.0L 奕驰版 国VI,2018,15.48万,8.26万
宝马,320Li xDrive 时尚型,2018,34.68万,14.30万
宝马,320Li M 运动套装,2019,33.98万,12.56万
领克,1.5T 耀Halo,2020,13.86万,8.56万
长安,荣耀百万版 280T 手动精英型,2021,10.39万,5.98万
红旗,510km 旗畅版 六座,2020,63.98万,28.98万
奔驰,二次改款 A 200 L 运动轿车时尚版,2022,25.44万,15.68万
红旗,经典款 1.5T DCT旗韵版,2022,14.88万,9.18万
宝马,xDrive25i M运动套装,2019,38.98万,20.89万
荣威,1.5T 自动有为尊贵版,2022,13.88万,7.98万
别克,20T 精英型 国VI,2019,18.28万,9.01万
红旗,1.5T DCT旗韵版,2022,14.88万,7.39万
领克,03+ 2.0TD 自动驭风版,2022,19.88万,10.68万
宝马,520Li 典雅型,2017,43.56万,12.58万
吉利汽车,2.0T 豪华型+,2021,13.27万,6.58万
奔驰,改款 C 200 L 运动版,2017,35.38万,14.61万
Jeep,2.0T 四驱探享版 国VI,2019,24.98万,8.30万
奥迪,40 TFSI 豪华动感型,2023,34.28万,19.88万
奔驰,改款 E 300 L 运动豪华型,2019,49.28万,26.50万
奔驰,改款 C 260 L 运动版,2019,34.68万,17.20万
本田,1.8L CVT两驱精英型,2015,14.68万,4.88万
玛莎拉蒂,3.0T 350Hp 标准版 国VI,2019,96.18万,51.80万
日产,1.6L XL CVT悦享版,2020,12.99万,6.98万
长安,2.0T 自动旗舰型,2020,15.49万,7.68万
大众,380TSI 四驱豪华版,2017,36.89万,15.31万
奥迪,40 TFSI 豪华动感型,2022,34.38万,19.90万
丰田,1.2T S-CVT豪华版,2021,13.58万,6.18万
日产,2.5L XE 两驱精英版 国V,2019,23.88万,8.88万
丰田,2.0L CVT两驱风尚版 国VI,2019,19.68万,8.98万
特斯拉,标准续航后驱升级版,2020,29.18万,10.98万
丰田,2.5G 豪华版,2018,21.98万,10.08万
林肯,2.0T 两驱尊雅版,2022,27.98万,17.43万
哈弗,蓝标 1.5L AMT标准型,2017,6.49万,2.98万
宝马,xDrive28i M运动套装,2020,42.58万,22.98万
凯迪拉克,28T 铂金运动型,2020,33.97万,15.60万
别克,652T 豪华型,2021,23.98万,11.96万
别克,改款 典范 1.5L 自动精英型,2021,12.59万,5.76万
奔驰,C 200 4MATIC 轿跑版,2017,42.18万,15.87万
宝马,xDrive30i X设计套装,2019,69.99万,40.80万
大众,280TSI 两驱豪华版PLUS,2021,18.98万,11.06万
雪佛兰,1.5L 双离合悦享版,2023,10.09万,6.28万
宝马,改款 xDrive25i M运动套装,2021,45.59万,24.68万
奔驰,改款 C 260 L 运动版,2020,34.68万,18.78万
现代,280TGDi 智速版 国V,2019,14.08万,5.88万
别克,20T 两驱精英型 国V,2019,19.99万,9.99万
大众,280TSI DSG熠动版,2018,16.38万,7.48万
江淮瑞风,宜家版 1.8L 豪华智能型,2019,8.68万,4.68万
奥迪,allroad  quattro 探索家 55 TFSI 尊享越野型,2022,58.18万,38.80万
名爵,1.5L 自动精英版 国V,2018,9.48万,3.98万
起亚,Ace 2.0L 精彩版,2021,14.98万,9.36万
奔驰,改款 C 260 L 运动版,2020,34.68万,18.88万
北京,2.3T 自动四驱刀锋英雄版至尊型,2021,19.49万,11.38万
日产,改款 2.0L XL 智进版,2018,18.68万,8.58万
现代,2.0L 自动两驱领先版GLS,2021,13.98万,7.58万
奔驰,GLC 200 4MATIC,2017,39.60万,14.98万
路虎,240PS HSE LUXURY版,2018,51.38万,13.08万
奥迪,纯电智享型,2019,23.73万,8.98万
别克,Pro 533T 乐享版,2023,13.99万,8.19万
奔驰,C 260 运动版,2020,31.08万,16.88万
本田,1.5L CVT舒适版,2020,13.99万,7.58万
奔驰,V 260 领航版 国V,2018,47.18万,23.80万
奔驰,GLC 260 4MATIC 豪华型,2017,44.50万,16.97万
奥迪,Sportback 35 TFSI 时尚型 国V,2020,21.37万,9.88万
凯迪拉克,28T 豪华型,2021,29.97万,16.38万
日产,1.6L XL CVT悦享版,2021,12.99万,7.10万
丰田,2.0L XLE尊享版 国VI,2019,22.48万,13.18万
AITO,纯电四驱性能版,2022,28.98万,16.98万
起亚,1.5L CVT智享互联版,2019,11.58万,5.38万
奔驰,GLE 320 4MATIC 动感型,2017,77.80万,29.60万
别克,18T 自动精英型,2018,13.39万,3.98万
奔驰,GLA 200,2020,30.38万,16.59万
雪佛兰,2.0L 自动豪华版,2013,18.19万,3.18万
保时捷,Macan 2.0T,2018,54.50万,22.98万
大众,280TSI DSG舒适版,2022,14.79万,8.08万
本田,耀目版plus 240TURBO CVT两驱风尚版,2020,20.38万,11.98万
长安,2.0T 尊贵型,2021,16.99万,9.98万
日产,经典 1.6XE 自动舒适版,2012,10.98万,3.28万
蔚来,420KM 运动版,2020,35.80万,16.60万
大众,280TSI DSG舒适版,2022,14.79万,8.68万
日产,2.0L XL 舒适版,2021,18.78万,9.48万
领克,2.0TD 两驱耀Plus,2020,18.68万,10.18万
广汽传祺,270T 自动星河版,2021,13.68万,8.58万
吉利汽车,1.4T CVT旗舰型,2022,9.99万,5.88万
丰田,2.7L 两驱7座豪华版,2012,29.88万,7.80万
广汽传祺,270T 自动豪华版 7座 国VI,2019,12.98万,7.11万
荣威,50T 混动互联行政版,2017,25.59万,3.49万
宝马,530Li 领先型 M运动套装,2018,47.89万,20.38万
凯迪拉克,28T 两驱领先型,2018,28.97万,12.30万
奔驰,CLA 200 动感型,2018,25.68万,11.98万
现代,1.6T 双离合两驱15周年特别版,2018,17.99万,7.66万
领克,03+ 2.0TD 自动驭风版,2019,19.88万,10.88万
宝马,525Li M运动套装,2018,43.69万,22.18万
领克,2.0TD 四驱劲Halo,2020,21.28万,11.68万
奔驰,E 200 L 运动型,2016,43.68万,18.69万
大众,380TSI 四驱舒适版 国VI,2020,31.99万,16.30万
大众,280TSI DSG舒适型 国VI,2020,16.19万,8.28万
奥迪,40 TFSI 豪华致雅型,2022,41.98万,26.58万
蔚来,580KM 基准版 六座,2020,54.40万,27.68万
丰田,2.0L 豪华版 国VI,2019,21.78万,13.80万
奔驰,CLA 200 五门猎跑车,2021,29.98万,18.99万
大众,280TSI  豪华Plus进阶版 ,2023,24.29万,14.38万
日产,2.0L CVT智联舒适版 2WD,2019,19.93万,10.18万
马自达,2.0L 两驱蓝天活力版,2021,15.28万,9.68万
领克,03+ 2.0TD 自动驭风版,2022,19.88万,12.58万
奥迪,30周年年型 30 TFSI 时尚型,2018,26.56万,11.36万
奔驰,GLC 300 L 4MATIC 动感型,2020,44.78万,24.80万
奥迪,改款 Plus A8L 55 TFSI quattro 尊贵型,2019,114.88万,63.60万
本田,260TURBO 典雅版 国V,2019,18.28万,9.38万
奔驰,CLA 200 四门轿跑车,2021,29.98万,17.87万
标致,350THP 7座精英版,2017,21.97万,7.66万
宝马,325Li M运动套装,2022,34.53万,21.98万
日产,1.6L XL CVT悦享版,2021,12.99万,6.68万
特斯拉,后轮驱动版,2022,31.69万,18.88万
大众,230TSI DSG风尚版,2021,15.09万,8.98万
特斯拉,改款 标准续航后驱升级版,2020,26.97万,14.98万
Polestar极星,首发版,2020,41.80万,12.78万
大众,1.5L 自动精英智联版,2021,14.00万,7.18万
宝马,改款 325Li M运动曜夜套装,2020,36.39万,20.30万
宝马,xDrive30i 领先型 M曜夜套装,2022,43.68万,27.90万
丰田,2.0GVP 领先版,2022,18.98万,12.90万
三菱,2.4L 四驱精英版 5座,2016,18.98万,6.68万
雷克萨斯,200 30周年纪念版,2017,29.20万,13.88万
吉利汽车,1.4T CVT尊贵型,2020,8.99万,5.38万
奔驰,GLC 300 4MATIC 轿跑SUV,2020,51.78万,26.63万
奔驰,SLC 260 动感型,2018,50.68万,26.18万
丰田,2.0L 两驱豪华版,2022,19.88万,11.88万
奔驰,C 180 L 时尚型运动版,2019,31.58万,14.98万
奔驰,GLC 300 L 4MATIC 动感型,2020,44.78万,24.99万
奥迪,45 TFSI quattro 臻选致雅型,2020,46.98万,26.18万
宝马,320Li M运动套装,2021,31.89万,17.80万
马自达,三厢 1.5L 自动舒适型 国V,2017,12.39万,5.88万
现代,240T GDi DCT两驱领先版GLS,2021,13.98万,8.38万
奥迪,2.4L 技术型,2011,44.10万,4.58万
长安,2.0T 自动领航型,2020,13.99万,7.78万
宝马,525Li 豪华套装,2020,42.69万,21.98万
哪吒汽车,Pro 500 登月版,2021,14.78万,8.88万
本田,2.0L 豪华版,2016,19.98万,7.88万
林肯,2.0T 四驱尊雅版,2021,30.28万,15.68万
奔驰,改款 E 200 L 运动型,2018,43.58万,18.98万
起亚,1.6L 自动GL,2015,11.28万,3.98万
路虎,249PS R-Dynamic S 性能版 5座,2022,38.28万,19.83万
宝马,xDrive30i M运动套装,2021,69.99万,44.98万
奔驰,AMG A 35 L 4MATIC,2020,39.98万,22.38万
奔驰,二次改款 E 350 e L 轿车,2022,51.76万,33.30万
奔驰,改款 CLA 200 时尚型,2017,28.90万,12.56万
领克,1.5T DCT两驱耀 冠军版,2021,14.98万,8.38万
沃尔沃,B5 四驱智逸豪华版,2023,39.69万,17.30万
长安,280T DCT百万版,2019,10.78万,5.60万
沃尔沃,B5 四驱智逸豪华版,2022,39.69万,20.58万
大众,380TSI 四驱豪华版 国V,2019,35.99万,18.68万
宝马,M4双门轿跑车竞速版,2019,89.99万,46.80万
奥迪,Sportback 40 TFSI quattro 豪华动感型,2023,41.88万,26.99万
荣威,PLUS 300TGI 自动Ali国潮豪华荣麟版,2021,12.48万,5.98万
马自达,三厢 1.5L 自动豪华型 国V,2017,13.99万,4.98万
奔驰,C 260 星耀臻藏版,2021,31.88万,19.25万
比亚迪,DM-i 110KM 两驱旗舰 PLUS,2021,17.78万,9.98万
奔驰,C 200 运动版,2018,31.28万,13.68万
别克,Avenir 先享型,2021,26.58万,14.98万
宝马,xDrive28i M运动套装,2020,42.58万,20.38万
大众,380TSI 四驱豪华版,2017,36.89万,17.73万
现代,2.0L 自动两驱智勇·畅享版,2020,13.99万,7.28万
奔驰,C 200 L 时尚型运动版,2020,31.58万,17.73万
丰田,2.5S 锋尚版,2018,22.28万,10.68万
路虎,改款 249PS R-Dynamic SE 性能科技版 5座,2022,41.28万,23.18万
奔驰,GLB 200 动感型,2021,31.88万,17.90万
哈弗,国潮版 1.5T 自动都市版,2021,9.89万,5.98万
日产,2.0L XL 舒适版,2021,18.78万,10.58万
日产,2.0L XL 舒适版,2020,18.78万,9.81万
丰田,改款 185T CVT精英版 国V,2017,12.48万,5.98万
本田,2.0L 锐·尊享版,2021,29.48万,18.98万
奥迪,40 TFSI 时尚动感型,2020,31.88万,15.40万
别克,28T 四驱尊贵型,2020,32.99万,18.68万
吉利汽车,第4代 1.5L CVT尊贵型,2022,8.39万,5.79万
宝马,320i运动设计套装 旅行版,2013,46.96万,16.80万
哈弗,2.0T 汽油四驱尊贵型 7座,2020,27.28万,14.28万
本田,1.8L CVT舒适版,2016,12.48万,5.50万
奔驰,GLE 320 4MATIC 动感型,2017,77.80万,27.98万
奔驰,GLC 300 L 4MATIC 豪华型,2020,49.38万,27.88万
现代,1.8L 自动尊贵型DLX 国V,2017,15.98万,5.58万
奔驰,GLA 200 时尚型,2017,29.08万,8.95万
奥迪,Sportback 35 TFSI 自动舒适型,2014,24.88万,6.58万
英菲尼迪,Q70L 2.5L 悦享版,2017,40.88万,12.58万
宝马,sDrive18Li 时尚型,2019,27.68万,10.88万
宝马,sDrive25i 领先型M越野套装 国VI,2019,32.18万,9.98万
宝马,sDrive18Li 尊享型,2018,30.38万,9.39万
雪佛兰,535T CVT锐联版,2020,17.49万,7.58万
路虎,240PS SE版,2018,40.48万,12.48万
斯柯达,TSI330 7座两驱豪华优享版 国VI,2019,22.84万,9.98万
奥迪,35 TFSI 自动运动型,2016,34.90万,7.99万
大众,330TSI DSG尊荣版,2017,22.29万,6.98万
现代,1.8L 自动尊贵型DLX,2014,15.98万,3.68万
凯迪拉克,28T 时尚型,2017,43.99万,13.68万
捷豹,XFL 2.0T 250PS 尊享版,2018,49.48万,13.50万
名爵,20T 自动豪华智联版,2017,11.78万,4.18万
奥迪,3.0 TFSI 舒适型(200kW),2012,95.50万,10.70万
MINI,1.6L COOPER Baker Street,2012,27.80万,5.39万
别克,20T 两驱精英型,2018,22.99万,8.28万
奥迪,35 TFSI 豪华动感型,2022,26.88万,12.98万
MINI,2.0T COOPER S,2021,30.98万,17.54万
别克,28T 四驱精英型,2020,23.99万,12.58万
凯迪拉克,28T 豪华型,2022,25.17万,15.28万
奥迪,45 TFSI 臻选动感型,2020,43.98万,26.80万
smart,1.0L 52千瓦硬顶灵动版,2015,11.68万,5.18万
奔驰,C 350 eL,2022,40.73万,24.78万
凯迪拉克,28T 豪华型,2021,34.97万,16.98万
长安欧尚,运动版 1.5T DCT飓风音速,2022,10.79万,6.58万
斯柯达,1.4L 自动车享版,2017,8.49万,3.76万
别克,552T 豪华型,2021,21.98万,11.58万
宝马,sDrive25i M运动套装,2021,28.58万,13.88万
宝马,325Li M运动曜夜套装,2020,36.39万,20.68万
福特,EcoBoost 180 两驱豪翼型 国VI,2019,19.28万,8.58万
本田,370TURBO 四驱尊享版,2017,29.28万,16.63万
本田,1.8L 自动舒适版 5座,2017,13.99万,6.78万
标致,2.0L 自动潮流版,2015,18.67万,3.68万
本田,1.5L CVT潮跑版,2018,8.88万,4.69万
奔驰,C 200 L 动感型运动版,2021,30.78万,17.58万
大众,280TSI DSG舒适版 国V,2018,14.69万,6.58万
大众,280TSI 两驱风尚版,2021,16.58万,9.48万
五菱汽车,1.5T CVT旗舰型,2020,11.68万,6.68万
大众,长续航Lite PRO版,2022,25.54万,14.58万
奔驰,GLC 260 L 4MATIC 动感型,2021,39.78万,24.37万
宝马,xDrive30i 领先型 M曜夜套装,2022,43.68万,28.50万
奥迪,45 TFSI 尊享时尚型,2020,44.52万,19.88万
魏牌,1.5T 颜先锋,2021,12.98万,7.41万
丰田,2.0S 锋尚版,2018,20.58万,9.18万
吉利汽车,运动版 1.8L 自动领尚型,2016,9.78万,3.98万
长安,PLUS 蓝鲸NE 1.4T GDI 自动尊贵型,2020,9.39万,5.35万
Jeep,改款 2.4L 四驱舒适版,2014,24.59万,4.88万
奥迪,纯电智享型,2019,23.73万,8.65万
大众,280TSI DSG舒适版,2021,17.69万,10.08万
日产,2.5L XE 两驱精英版 国VI,2019,23.88万,10.68万
启辰,260T 爱豆版,2022,10.98万,7.18万
别克,652T 豪华型,2021,23.98万,13.68万
宝马,sDrive25Li 领先型,2021,30.98万,16.38万
宝马,325Li M运动曜夜套装,2021,36.59万,20.98万
大众,Plus 1.5L 自动全景乐享版,2021,11.09万,7.28万
丰田,2.0G 豪华版 国VI,2019,19.98万,10.62万
吉利几何,401KM 霹雳虎,2023,10.38万,6.39万
吉利汽车,240T DCT铂金版,2021,8.98万,5.88万
领克,1.5TD DCT劲Pro,2022,14.88万,7.30万
本田,改款 2.4L 智享版,2015,26.68万,10.88万
奔驰,AMG GLB 35 4MATIC,2021,44.98万,25.77万
别克,532T 两驱领先型,2021,18.99万,10.89万
丰田,2.0G 豪华版,2021,19.98万,13.08万
领克,1.5TD DCT劲 冠军版,2021,14.68万,8.42万
长安,尚酷版 1.5T 自动锋享型,2017,10.58万,5.18万
别克,652T 智享型,2022,21.08万,12.98万
吉利汽车,1.4T CVT  F-运动版,2021,9.18万,5.68万
丰田,2.0L 奕享版,2020,15.28万,8.18万
丰田,2.5V 尚锐版,2013,24.28万,7.98万
本田,2.0L e:PHEV 智耀版,2023,25.88万,15.98万
沃尔沃,S60L T4 智远进取版,2018,30.99万,8.88万
吉利汽车,第4代 1.5L CVT旗舰型,2022,8.89万,5.48万
丰田,185T CVT豪华版,2021,12.98万,5.88万
吉利汽车,1.8TD DCT豪华型,2020,11.96万,6.88万
宝马,525Li 豪华套装,2018,43.69万,17.98万
奥迪,40 TFSI 时尚动感型,2023,32.18万,18.50万
宝马,xDrive40i 尊享型豪华套装,2021,110.80万,63.80万
大众,330TSI 魅颜版 国V,2020,26.28万,12.98万
广汽传祺,270T 自动精英科技版,2021,11.98万,6.41万
红旗,2.0T DCT两驱智联旗畅版,2022,30.98万,15.28万
比亚迪,2.0T 自动智联尊贵型 7座 国V,2018,14.99万,7.38万
日产,2.0L XL Upper AD1 智行领航版,2021,19.98万,10.68万
长安,280T DCT豪华型 国VI,2020,11.39万,6.56万
马自达,2.5L 蓝天尊崇版,2020,21.88万,11.68万
沃尔沃,Cross Country B5 AWD 智远版,2022,44.79万,25.80万
大众,330TSI DSG 领先型 国V,2019,21.51万,8.90万
本田,1.8L 自动舒适版 5座,2017,13.99万,6.38万
大众,330TSI 自动两驱风尚版 国V,2019,21.88万,9.98万
大众,280TSI DSG豪华型,2018,16.88万,7.68万
奔驰,C 260 星耀臻藏版,2021,31.88万,19.80万
大众,Plus 1.5L 自动全景乐享版,2021,11.09万,6.88万
本田,2.0L 精英版,2016,18.98万,7.88万
奔驰,改款 E 300 L 运动殊享版,2020,49.98万,28.88万
比亚迪,1.5T 自动豪华型,2019,10.98万,5.91万
宝骏,1.5L CVT优享型 国VI,2019,7.38万,4.28万
北京,2.0T 自动四驱城市猎人版至尊型,2020,18.98万,10.98万
本田,2.0L 锐·混动至尊版,2019,32.88万,21.78万
奔驰,C 260 轿跑车,2020,36.08万,20.88万
宝骏,1.5L 手动舒适型 国V,2017,4.98万,2.88万
雷克萨斯,200 精英版,2015,27.90万,12.80万
沃尔沃,B6 智逸豪华版 7座,2021,69.59万,34.68万
奔驰,GLC 260 L 4MATIC 动感型,2019,41.98万,20.90万
本田,260TURBO 精英版 国VI,2018,18.98万,11.06万
本田,220TURBO CVT豪华版,2016,13.99万,6.98万
吉利汽车,运动款 260T DCT游侠 国V,2019,10.88万,4.98万
比亚迪,DM-i 110km 旗舰型Pro,2022,16.58万,8.98万
奥迪,40 TFSI 时尚动感型,2020,31.88万,18.58万
吉利汽车,博越X 1.8TD DCT智慧型,2022,12.28万,7.65万
长安,2.0T 自动领航型,2022,13.99万,9.28万
哈弗,第二代 2.0GDIT 自动冠军版,2021,12.90万,6.98万
凯迪拉克,2.0T 轻混动 七座两驱豪华型,2021,42.27万,24.58万
吉利汽车,1.8TD DCT豪华型,2022,11.96万,7.98万
红旗,2.0T 智联旗享版,2019,19.98万,10.86万
荣威,PLUS 300TGI 自动Ali国潮豪华荣麟版,2021,12.48万,6.78万
长安,PLUS 蓝鲸NE 1.4T GDI DCT旗舰型,2021,10.39万,6.08万
奇瑞,290TGDI 自动精英版,2020,12.69万,6.88万
长安,1.4T DCT智联蓝鲸版,2019,10.99万,5.98万
荣威,互联网豪华版,2018,21.38万,2.78万
宝马,540i 风尚版 M运动套装,2020,60.39万,32.88万
宝马,325Li M运动套装,2021,34.69万,18.80万
丰田,2.0T 四驱豪华版 7座,2015,29.48万,12.38万
本田,220TURBO CVT尊贵版,2016,15.59万,7.18万
奔驰,GLC 260 L 4MATIC 动感型,2021,39.78万,26.57万
奔驰,S 450 4MATIC,2019,138.08万,80.98万
丰田,2.0L CVT两驱尊贵版,2023,23.58万,15.80万
奔驰,GLC 260 L 4MATIC 豪华型,2020,42.28万,24.80万
奔驰,C 200 L 时尚型运动版,2021,31.98万,18.80万
丰田,2.0G 豪华版,2021,19.98万,12.58万
奔驰,C 260 L 运动版,2019,35.08万,14.85万
哈弗,1.5T 两驱 边牧版,2021,13.59万,9.11万
红旗,2.0T 智联旗享版,2020,32.98万,17.98万
奔驰,GLC 260 4MATIC 豪华型,2016,44.30万,16.90万
奔驰,GLB 200 时尚型,2021,32.88万,17.99万
日产,2.0L XL 舒适版,2021,18.78万,11.78万
大众,280TSI DSG豪华版,2021,15.89万,8.68万
哈弗,1.5T DCT i潮,2020,11.48万,6.28万
领克,1.5TD DCT劲Pro版,2018,14.88万,7.51万
本田,1.8L CVT豪华版,2016,13.48万,5.68万
吉利汽车,1.4T CVT旗舰型,2022,9.99万,6.68万
大众,280TSI DSG舒适型 国V,2019,16.19万,8.18万
奔驰,二次改款 GLB 200 动感型,2022,29.59万,19.78万
本田,240TURBO 两驱豪华版,2017,25.38万,12.78万
宝马,xDrive28i M运动套装,2020,42.58万,24.98万
保时捷,Cayenne Coupé 3.0T,2019,99.80万,58.80万
大众,330TSI 自动两驱智享版,2022,23.58万,14.86万
小鹏汽车,G3i 460N,2022,18.89万,9.56万
日产,2.0L XL 舒适版,2021,18.78万,10.28万
本田,240TURBO CVT两驱舒适版,2018,17.98万,8.38万
宝马,530Li 尊享型 豪华套装,2022,50.39万,33.88万
丰田,2.0L 豪华版,2021,16.08万,8.83万
领克,03+ 2.0TD 自动驭风版,2019,19.88万,10.93万
奔驰,AMG GLB 35 4MATIC,2021,44.98万,26.57万
宝马,530Li 尊享型 M运动套装,2019,50.69万,27.80万
北京,3.0T 自动至尊型,2020,34.80万,19.10万
大众,280TSI 商务版,2022,18.19万,10.00万
奔驰,改款 C 200 L 时尚型运动版,2020,31.58万,15.98万
捷豹,2.0T 200PS 豪华版,2019,31.18万,11.98万
奔驰,改款 GLE 350 4MATIC 时尚型特别版,2020,73.88万,43.58万
奔驰,GLB 200 动感型,2021,31.88万,18.80万
雷克萨斯,300 四驱豪华版 国V,2016,57.50万,26.80万
大众,330TSI 豪华智联版,2020,22.09万,11.18万
大众,530 V6 四驱豪华版 国VI,2020,41.99万,19.58万
比亚迪,1.5T 自动旗舰型,2020,13.28万,7.82万
奔驰,GLC 200 4MATIC,2016,39.60万,15.20万
大众,180TSI 宜乐型,2018,17.88万,9.88万
丰田,2.4L 豪华版,2012,61.78万,18.70万
奔驰,CLA 200 时尚型,2018,27.48万,12.88万
宝马,118i 运动型,2017,22.98万,6.99万
奔驰,GLA 200 时尚型,2018,28.88万,9.96万
丰田,致炫X 1.5L CVT领先版,2020,8.98万,5.31万
大众,330TSI DSG 领先型 国VI,2019,21.51万,10.98万
奔驰,C 200 L 时尚型运动版,2021,31.98万,18.98万
奔驰,GLB 200 动感型,2021,31.88万,17.58万
MINI,1.5T ONE 五门版,2018,19.38万,9.88万
奔驰,C 260 L 运动版,2021,34.68万,20.58万
起亚,1.4L 自动GLS,2017,8.59万,4.38万
宝马,530Li xDrive M运动套装,2020,48.69万,28.90万
日产,1.6L CVT智行版 国VI,2019,12.29万,6.26万
大众,280TSI DSG舒适型,2020,15.32万,9.09万
奔驰,AMG A 35 L 4MATIC,2020,39.98万,23.80万
丰田,双擎 2.5L 两驱豪华型,2020,22.78万,12.60万
比亚迪,1.5TID 全时四驱尊荣型,2017,24.59万,4.48万
大众,凌渡L 280TSI DSG酷辣版,2022,17.09万,10.88万
荣威,400TGI Supreme系列尊荣版,2021,22.38万,12.40万
奔驰,C 200 L 时尚型运动版,2021,31.98万,17.68万
奔驰,S 320 L,2019,84.28万,39.74万
奔腾,280TID 自动豪华型,2023,11.48万,7.31万
大众,280TSI DSG两驱舒享智联版,2021,16.93万,8.68万
广汽传祺,270T J15版,2021,11.80万,8.01万
奥迪,40 TFSI 荣享时尚型 国V,2018,41.38万,19.48万
吉利汽车,1.5L 自动精英型,2017,6.19万,3.68万
宝马,sDrive25Li 领先型,2021,30.98万,17.18万
奔驰,改款 E 300 L 运动时尚型,2020,46.58万,27.76万
北京,2.3T 自动四驱城市猎人版尊享型 国VI,2019,18.79万,11.18万
大众,330TSI 自动两驱智享版,2022,23.58万,15.98万
奔驰,C 260 L 运动版,2021,34.68万,20.68万
比亚迪,骑士版,2021,13.08万,8.38万
奔驰,改款 E 300 L 运动豪华型,2018,50.28万,25.88万
宝马,改款 325Li M运动套装,2021,34.69万,20.73万
广汽传祺,320T 两驱豪华智联版 7座,2017,18.28万,8.68万
领克,1.5T 劲 国VI,2019,23.98万,8.41万
广汽传祺,320T 尊享版,2018,18.98万,9.78万
丰田,185T 豪华版 国VI,2019,12.98万,6.69万
大众,330TSI DSG 领先型,2020,21.99万,14.98万
斯柯达,TSI280 DSG标准版,2019,15.49万,7.98万
雷克萨斯,200 豪华版 国VI,2020,30.90万,19.80万
宝马,改款 325Li M运动曜夜套装,2020,36.39万,21.89万
奔驰,AMG GLC 43 4MATIC,2022,67.08万,45.87万
宝马,525Li 豪华套装,2018,43.69万,22.63万
比亚迪,1.5T 自动智联豪华型 6座,2018,9.99万,4.77万
沃尔沃,B4 智逸豪华版,2023,30.69万,15.88万
丰田,2.0T 四驱豪华版 7座 国VI,2018,29.98万,17.98万
江汽集团,1.5L CVT豪华智能型,2016,8.48万,2.36万
奥迪,Plus 40 TFSI 技术型,2017,42.76万,13.68万
宝马,xDrive35i 典雅型,2018,77.69万,24.88万
雪佛兰,320 自动悦享天窗版,2022,11.49万,5.59万
马自达,2.5L 蓝天至尊版 国V,2018,23.78万,8.68万
奔驰,R 320 4MATIC 商务型臻藏版,2017,54.88万,17.68万
沃尔沃,S60L T3 智进版,2019,27.19万,8.80万
名爵,20T 自动星辉版,2019,10.98万,4.90万
宝马,120i M运动套装,2020,22.38万,9.99万
哈弗,运动版 1.5T 自动两驱精英型 国V,2018,11.30万,4.58万
宝马,320Li 时尚型,2018,32.38万,10.58万
雪佛兰,轻混 RS 330T 自动畅快版,2020,11.79万,5.30万
凯迪拉克,28T 技术型,2017,27.38万,7.78万
奥迪,35 TFSI 自动标准型,2015,31.28万,6.28万
别克,15N 自动精英型,2017,12.69万,4.12万
路虎,249PS R-DYNAMIC SE 运动科技版,2020,41.78万,18.80万
荣威,311km 元气啵啵版,2022,6.80万,3.62万
宝马,316Li 时尚型,2015,32.18万,7.96万
别克,改款 典范 1.5L 自动精英型,2021,12.59万,5.68万
别克,20T 两驱豪华型,2018,23.99万,7.88万
本田,2.4L 豪华版,2017,24.98万,11.90万
林肯,2.0T 两驱尊享版,2022,25.98万,16.66万
奥迪,TFSI 典藏版,2018,40.28万,17.60万
大众,280TSI DSG两驱进取型 国V,2018,16.08万,7.69万
日产,经典 1.6L XE CVT舒适版,2024,10.86万,6.98万
奔驰,C 260 L 运动星耀臻藏版,2021,35.68万,19.98万
路虎,90 2.0T P300 SE,2023,69.80万,50.80万
本田,1.5L CVT潮享版,2021,8.68万,5.59万
宝马,改款 325Li M运动套装,2020,34.69万,20.98万
丰田,双擎 2.5L Limited旗舰版 国V,2019,28.98万,13.90万
奔驰,C 200 L 时尚型运动版,2021,31.98万,19.33万
奔驰,AMG GT 50 4MATIC+ 四门跑车,2022,113.58万,77.80万
长安,蓝鲸NE 1.4T DCT尊贵型,2021,9.99万,6.45万
大众,330TSI DSG 豪华型 国V,2019,22.91万,10.98万
福特,EcoBoost 245 豪华型,2022,17.98万,12.36万
大众,330TSI DSG 领先型,2020,21.99万,12.36万
长安,2.0T 尊贵型,2021,16.99万,10.24万
丰田,2.5L 豪华版,2021,22.68万,13.68万
奔驰,GLA 220,2022,30.90万,17.38万
理想汽车,增程6座版,2020,32.80万,14.38万
英菲尼迪,2.0T 两驱时尚版,2022,35.08万,14.38万
奥迪,35 FSI 豪华型,2014,62.76万,12.90万
宝马,118i 运动型,2017,22.98万,7.58万
荣威,30T 智联网两驱超群旗舰版,2019,18.88万,7.78万
奔驰,GLA 220 4MATIC 时尚型,2015,31.98万,9.18万
奥迪,Limousine 40 TFSI 自动舒适型,2015,26.96万,6.66万
福特,EcoBoost 180 Cognac特别版,2018,21.38万,7.08万
奥迪,35 TFSI 自动技术型,2015,37.28万,7.69万
雪佛兰,320 自动悦畅版,2020,11.79万,4.88万
大众,1.8TSI 自动四驱豪华型,2013,27.68万,4.58万
保时捷,Cayenne S E-Hybrid 3.0T,2016,108.80万,26.99万
沃尔沃,S60L T4 智远版,2017,30.99万,8.98万
哈弗,1.5GDIT 自动铂金冠军版,2020,12.10万,5.50万
斯柯达,1.6L 自动舒适版,2018,13.69万,5.15万
现代,1.8L 自动智能型GLS 国V,2017,14.98万,4.99万
雪佛兰,535T 自动锐联版,2021,18.49万,7.70万
Jeep,2.0L 优越版,2017,21.98万,7.32万
宝马,120i M运动版,2021,20.38万,9.38万
沃尔沃,T5 AWD 智远版,2016,43.99万,9.38万
路虎,2.0T SE 智耀版,2016,45.80万,9.78万
福特,EcoBoost 180 时尚型,2020,19.28万,9.68万
奥迪,Plus 40 TFSI 进取型,2017,39.96万,13.48万
奔驰,E 300 L 运动型,2014,58.80万,10.08万
宝马,525Li 领先型,2014,46.66万,9.98万
Jeep,3.0L 舒享导航版,2014,57.99万,9.90万
雪佛兰,530T 自动锐驰版,2018,19.49万,6.58万
别克,20T 精英型 国V,2019,18.28万,6.18万
宝马,316i 时尚型,2016,28.30万,7.28万
捷豹,2.0T 200PS 豪华版,2018,31.98万,10.90万
奔驰,改款 E 260 L 运动型,2015,46.80万,11.98万
起亚,3.8L 豪华版 国IV,2008,39.80万,6.98万
斯柯达,1.6L 自动逸俊版,2015,15.19万,3.96万
宝马,320Li 时尚型,2018,32.38万,11.11万
日产,改款 2.0L XL舒适版,2016,18.68万,6.38万
奥迪,40 TFSI 时尚型,2020,30.73万,15.58万
现代,1.6L 自动智炫·精英型,2016,11.98万,4.58万
荣威,300TGI 自动智能座舱旗舰版,2019,15.88万,7.40万
丰田,185T 运动版 国VI,2019,13.38万,5.68万
别克,28T 四驱精英型 国Ⅵ,2019,23.99万,11.18万
凯迪拉克,28T 豪华型,2020,34.97万,14.98万
大众,300TSI 自动两驱风尚版,2016,21.18万,5.58万
别克,2.0L 领先时尚型,2015,17.89万,3.98万
MINI,1.6T COOPER S ALL4 Park Lane,2016,37.90万,8.38万
魏牌,2.0T 超豪型,2017,17.78万,6.88万
别克,20T 精英型 国VI,2019,18.28万,7.83万
MINI,1.6T COOPER ALL4 Fun,2014,29.60万,7.80万
别克,20T 豪华型,2017,19.98万,6.88万
奔驰,GLA 200 动感型,2017,27.18万,9.36万
宝马,320Li 领先型M运动套装,2018,34.98万,13.58万
福特,2.0T 汽油自动四驱旗舰版 7座,2017,35.77万,10.98万
日产,1.6L CVT智行版,2016,12.29万,4.79万
红旗,3.0T 自动四驱智联旗享版,2019,36.98万,14.38万
奥迪,35 TFSI 自动标准型,2013,30.98万,8.28万
Jeep,2.0T 四驱悦享版 国VI,2018,28.98万,12.56万
吉利汽车,领军版 1.5L CVT向上亚运版 国VI,2019,9.18万,3.98万
宝马,118i 时尚型,2019,19.88万,7.81万
本田,180Turbo CVT豪华版 国V,2019,11.98万,5.18万
福特,2.0L GTDi200豪华型,2013,22.28万,5.98万
现代,1.6L 自动智炫·精英型,2016,11.98万,4.68万
福特,EcoBoost 180 时尚型,2017,19.28万,5.98万
奥迪,35 TFSI 时尚致雅型,2021,28.78万,16.00万
奥迪,30周年年型 35 TFSI 时尚型,2018,28.56万,9.98万
现代,280TGDi 双离合两驱时尚版 国V,2019,17.99万,7.78万
红旗,3.0T 智联旗畅版,2020,45.98万,19.98万
斯柯达,1.5L 自动舒适版,2020,9.99万,5.18万
特斯拉,90D,2016,98.47万,22.58万
启辰,1.6L XE CVT畅行版,2021,14.08万,4.98万
日产,2.0L CVT豪华版,2019,16.88万,7.38万
奥迪,35 TFSI 舒适型,2013,31.60万,5.98万
福特,EcoBoost 180 时尚型,2020,19.28万,9.98万
吉利汽车,2.0T 尊贵型,2021,13.87万,7.18万
雪佛兰,535T 驰界版,2021,18.49万,9.58万
马自达,云控版 三厢 1.5L 自动舒适型 国VI,2019,12.39万,5.90万
哈弗,蓝标H7 2.0T 自动豪华型,2016,15.90万,4.98万
别克,15N CVT精英型,2020,9.39万,4.86万
别克,典范 1.5L 自动精英型,2021,12.59万,5.49万
福特,EcoBoost 245 四驱豪翼型,2017,24.58万,6.68万
沃尔沃,S60L T4 智远版,2017,30.99万,8.50万
别克,28T 四驱精英型,2018,26.99万,8.50万
